<?xml version="1.0" encoding="UTF-8"?>

<!--Copyright (c) 2012 by Subset Games. All rights reserved.-->
<img x="-71" y="-42" w="353" h="333" />
<offsets>
	<floor x="176" y="166" />
	<cloak x="-25" y="-25" />
</offsets>
<weaponMounts>
	<mount x="205" y="34" rotate="false" mirror="false" gib="-1" slide="up" />
	<mount x="148" y="34" rotate="false" mirror="true" gib="-1" slide="up" />
	<mount x="354" y="140" rotate="false" mirror="false" gib="-1" slide="right" />
	<mount x="0" y="136" rotate="false" mirror="true" gib="-1" slide="left" />
</weaponMounts>
<explosion />

