<?xml version="1.0" encoding="UTF-8"?>

<!--Copyright (c) 2012 by Subset Games. All rights reserved.-->
<img x="-25" y="-51" w="261" h="517" />
<offsets>
	<floor x="130" y="258" />
	<cloak x="130" y="258" />
</offsets>
<weaponMounts>
	<mount x="207" y="94" rotate="false" mirror="false" gib="-1" slide="right" />
	<mount x="54" y="94" rotate="false" mirror="true" gib="-1" slide="left" />
	<mount x="241" y="307" rotate="false" mirror="false" gib="-1" slide="right" />
	<mount x="21" y="306" rotate="false" mirror="true" gib="-1" slide="left" />
	<mount x="112" y="80" rotate="false" mirror="false" gib="-1" slide="no" />
</weaponMounts>
<explosion />

