<?xml version="1.0" encoding="UTF-8"?>

<!--Copyright (c) 2012 by Subset Games. All rights reserved.-->
<img x="-46" y="-38" w="372" h="356" />
<offsets>
	<floor x="0" y="0" />
	<cloak x="18" y="20" />
</offsets>
<weaponMounts>
	<mount x="126" y="65" rotate="false" mirror="true" gib="3" slide="left" />
	<mount x="246" y="65" rotate="false" mirror="false" gib="3" slide="right" />
	<mount x="48" y="160" rotate="false" mirror="true" gib="1" slide="left" />
	<mount x="324" y="160" rotate="false" mirror="false" gib="3" slide="right" />
</weaponMounts>
<explosion>
	<gib1>
		<velocity min="0.40" max="1.00" />
		<direction min="70" max="90" />
		<angular min="-1.00" max="1.00" />
		<x>0</x>
		<y>65</y>
	</gib1>
	<gib2>
		<velocity min="0.30" max="0.70" />
		<direction min="220" max="240" />
		<angular min="-0.40" max="0.40" />
		<x>166</x>
		<y>129</y>
	</gib2>
	<gib3>
		<velocity min="0.20" max="0.40" />
		<direction min="290" max="0" />
		<angular min="-0.40" max="1.00" />
		<x>77</x>
		<y>0</y>
	</gib3>
	<gib4>
		<velocity min="0.10" max="0.30" />
		<direction min="-160" max="180" />
		<angular min="-0.50" max="0.50" />
		<x>36</x>
		<y>104</y>
	</gib4>
</explosion>

